Season,DateTime,HomeTeam,AwayTeam,Full Time Home Goals,Full Time Away Goals,Full Time Result,Half Time Home Goals,Half Time Away Goals,Half Time Result,Home Team Shoots,Away Team Shoots
2020-21,2020-09-12T12:30:00Z,Fulham,Arsenal,0,3,A,0,1,A,5,13
2020-21,2020-09-12T15:00:00Z,Crystal Palace,Southampton,1,0,H,1,0,H,5,9
2020-21,2020-09-12T17:30:00Z,Liverpool,Leeds,4,3,H,3,2,H,22,6
2020-21,2020-09-12T20:00:00Z,West Ham,Newcastle,0,2,A,0,0,D,15,15
2020-21,2020-09-13T14:00:00Z,West Brom,Leicester,0,3,A,0,0,D,7,13
2020-21,2020-09-13T16:30:00Z,Tottenham,Everton,0,1,A,0,0,D,9,15
2020-21,2020-09-14T20:15:00Z,Brighton,Chelsea,1,3,A,0,1,A,13,10
2020-21,2020-09-14T18:00:00Z,Sheffield United,Wolves,0,2,A,0,2,A,9,11
2020-21,2020-09-19T12:30:00Z,Everton,West Brom,5,2,H,2,1,H,17,6
2020-21,2020-09-19T15:00:00Z,Leeds,Fulham,4,3,H,2,1,H,10,14
2020-21,2020-09-19T17:30:00Z,Man United,Crystal Palace,1,3,A,0,1,A,13,14
2020-21,2020-09-19T20:00:00Z,Arsenal,West Ham,2,1,H,1,1,D,7,14
2020-21,2020-09-20T12:00:00Z,Southampton,Tottenham,2,5,A,1,1,D,14,9
2020-21,2020-09-20T14:00:00Z,Newcastle,Brighton,0,3,A,0,2,A,6,13
2020-21,2020-09-20T16:30:00Z,Chelsea,Liverpool,0,2,A,0,0,D,5,18
2020-21,2020-09-20T19:00:00Z,Leicester,Burnley,4,2,H,1,1,D,14,16
2020-21,2020-09-21T18:00:00Z,Aston Villa,Sheffield United,1,0,H,0,0,D,18,4
2020-21,2020-09-21T20:15:00Z,Wolves,Man City,1,3,A,0,2,A,10,14
2020-21,2020-09-26T12:30:00Z,Brighton,Man United,2,3,A,1,1,D,18,7
2020-21,2020-09-26T15:00:00Z,Crystal Palace,Everton,1,2,A,1,2,A,8,10
2020-21,2020-09-26T17:30:00Z,West Brom,Chelsea,3,3,D,3,0,H,9,22
2020-21,2020-09-26T20:00:00Z,Burnley,Southampton,0,1,A,0,1,A,10,5
2020-21,2020-09-27T12:00:00Z,Sheffield United,Leeds,0,1,A,0,0,D,14,17
2020-21,2020-09-27T14:00:00Z,Tottenham,Newcastle,1,1,D,1,0,H,23,6
2020-21,2020-09-27T16:30:00Z,Man City,Leicester,2,5,A,1,1,D,16,7
2020-21,2020-09-27T19:00:00Z,West Ham,Wolves,4,0,H,1,0,H,15,11
2020-21,2020-09-28T17:45:00Z,Fulham,Aston Villa,0,3,A,0,2,A,16,12
2020-21,2020-09-28T20:00:00Z,Liverpool,Arsenal,3,1,H,2,1,H,21,4
2020-21,2020-10-03T12:30:00Z,Chelsea,Crystal Palace,4,0,H,0,0,D,17,4
2020-21,2020-10-03T15:00:00Z,Everton,Brighton,4,2,H,2,1,H,11,11
2020-21,2020-10-03T17:30:00Z,Leeds,Man City,1,1,D,0,1,A,12,23
2020-21,2020-10-03T20:00:00Z,Newcastle,Burnley,3,1,H,1,0,H,10,7
2020-21,2020-10-04T12:00:00Z,Leicester,West Ham,0,3,A,0,2,A,4,14
2020-21,2020-10-04T12:00:00Z,Southampton,West Brom,2,0,H,1,0,H,13,5
2020-21,2020-10-04T14:00:00Z,Arsenal,Sheffield United,2,1,H,0,0,D,6,6
2020-21,2020-10-04T14:00:00Z,Wolves,Fulham,1,0,H,0,0,D,14,10
2020-21,2020-10-04T16:30:00Z,Man United,Tottenham,1,6,A,1,4,A,5,22
2020-21,2020-10-04T19:15:00Z,Aston Villa,Liverpool,7,2,H,4,1,H,18,14
2020-21,2020-10-17T12:30:00Z,Everton,Liverpool,2,2,D,1,1,D,11,22
2020-21,2020-10-17T15:00:00Z,Chelsea,Southampton,3,3,D,2,1,H,11,13
2020-21,2020-10-17T17:30:00Z,Man City,Arsenal,1,0,H,1,0,H,13,11
2020-21,2020-10-17T20:00:00Z,Newcastle,Man United,1,4,A,1,1,D,7,28
2020-21,2020-10-18T12:00:00Z,Sheffield United,Fulham,1,1,D,0,0,D,10,15
2020-21,2020-10-18T14:00:00Z,Crystal Palace,Brighton,1,1,D,1,0,H,1,20
2020-21,2020-10-18T16:30:00Z,Tottenham,West Ham,3,3,D,3,0,H,11,13
2020-21,2020-10-18T19:15:00Z,Leicester,Aston Villa,0,1,A,0,0,D,11,10
2020-21,2020-10-19T17:30:00Z,West Brom,Burnley,0,0,D,0,0,D,13,9
2020-21,2020-10-19T20:00:00Z,Leeds,Wolves,0,1,A,0,0,D,13,7
2020-21,2020-10-23T20:00:00Z,Aston Villa,Leeds,0,3,A,0,0,D,12,27
2020-21,2020-10-24T12:30:00Z,West Ham,Man City,1,1,D,1,0,H,6,14
2020-21,2020-10-24T15:00:00Z,Fulham,Crystal Palace,1,2,A,0,1,A,16,14
2020-21,2020-10-24T17:30:00Z,Man United,Chelsea,0,0,D,0,0,D,14,6
2020-21,2020-10-24T20:00:00Z,Liverpool,Sheffield United,2,1,H,1,1,D,17,13
2020-21,2020-10-25T14:00:00Z,Southampton,Everton,2,0,H,2,0,H,12,6
2020-21,2020-10-25T16:30:00Z,Wolves,Newcastle,1,1,D,0,0,D,16,5
2020-21,2020-10-25T19:15:00Z,Arsenal,Leicester,0,1,A,0,0,D,12,6
2020-21,2020-10-26T17:30:00Z,Brighton,West Brom,1,1,D,1,0,H,5,9
2020-21,2020-10-26T20:00:00Z,Burnley,Tottenham,0,1,A,0,0,D,13,9
2020-21,2020-10-30T20:00:00Z,Wolves,Crystal Palace,2,0,H,2,0,H,15,11
2020-21,2020-10-31T12:30:00Z,Sheffield United,Man City,0,1,A,0,1,A,5,16
2020-21,2020-10-31T15:00:00Z,Burnley,Chelsea,0,3,A,0,1,A,5,14
2020-21,2020-10-31T17:30:00Z,Liverpool,West Ham,2,1,H,1,1,D,9,4
2020-21,2020-11-01T12:00:00Z,Aston Villa,Southampton,3,4,A,0,3,A,19,9
2020-21,2020-11-01T14:00:00Z,Newcastle,Everton,2,1,H,0,0,D,11,15
2020-21,2020-11-01T16:30:00Z,Man United,Arsenal,0,1,A,0,0,D,8,7
2020-21,2020-11-01T19:15:00Z,Tottenham,Brighton,2,1,H,1,0,H,9,6
2020-21,2020-11-02T17:30:00Z,Fulham,West Brom,2,0,H,2,0,H,13,10
2020-21,2020-11-02T20:00:00Z,Leeds,Leicester,1,4,A,0,2,A,11,10
2020-21,2020-11-06T17:30:00Z,Brighton,Burnley,0,0,D,0,0,D,19,4
2020-21,2020-11-06T20:00:00Z,Southampton,Newcastle,2,0,H,1,0,H,15,4
2020-21,2020-11-07T12:30:00Z,Everton,Man United,1,3,A,1,2,A,7,13
2020-21,2020-11-07T15:00:00Z,Crystal Palace,Leeds,4,1,H,3,1,H,10,9
2020-21,2020-11-07T17:30:00Z,Chelsea,Sheffield United,4,1,H,2,1,H,20,6
2020-21,2020-11-07T20:00:00Z,West Ham,Fulham,1,0,H,0,0,D,16,13
2020-21,2020-11-08T12:00:00Z,West Brom,Tottenham,0,1,A,0,0,D,12,19
2020-21,2020-11-08T14:00:00Z,Leicester,Wolves,1,0,H,1,0,H,10,7
2020-21,2020-11-08T16:30:00Z,Man City,Liverpool,1,1,D,1,1,D,7,10
2020-21,2020-11-08T19:15:00Z,Arsenal,Aston Villa,0,3,A,0,1,A,13,15
2020-21,2020-11-21T12:30:00Z,Newcastle,Chelsea,0,2,A,0,1,A,8,14
2020-21,2020-11-21T15:00:00Z,Aston Villa,Brighton,1,2,A,0,1,A,15,7
2020-21,2020-11-21T17:30:00Z,Tottenham,Man City,2,0,H,1,0,H,4,22
2020-21,2020-11-21T20:00:00Z,Man United,West Brom,1,0,H,0,0,D,17,7
2020-21,2020-11-22T12:00:00Z,Fulham,Everton,2,3,A,1,3,A,14,9
2020-21,2020-11-22T14:00:00Z,Sheffield United,West Ham,0,1,A,0,0,D,9,15
2020-21,2020-11-22T16:30:00Z,Leeds,Arsenal,0,0,D,0,0,D,25,9
2020-21,2020-11-22T19:15:00Z,Liverpool,Leicester,3,0,H,2,0,H,24,11
2020-21,2020-11-23T17:30:00Z,Burnley,Crystal Palace,1,0,H,1,0,H,10,15
2020-21,2020-11-23T20:00:00Z,Wolves,Southampton,1,1,D,0,0,D,20,7
2020-21,2020-11-27T20:00:00Z,Crystal Palace,Newcastle,0,2,A,0,0,D,12,14
2020-21,2020-11-28T12:30:00Z,Brighton,Liverpool,1,1,D,0,0,D,11,6
2020-21,2020-11-28T15:00:00Z,Man City,Burnley,5,0,H,3,0,H,19,9
2020-21,2020-11-28T17:30:00Z,Everton,Leeds,0,1,A,0,0,D,15,23
2020-21,2020-11-28T20:00:00Z,West Brom,Sheffield United,1,0,H,1,0,H,17,21
2020-21,2020-11-29T14:00:00Z,Southampton,Man United,2,3,A,2,0,H,10,15
2020-21,2020-11-29T16:30:00Z,Chelsea,Tottenham,0,0,D,0,0,D,13,5
2020-21,2020-11-29T19:15:00Z,Arsenal,Wolves,1,2,A,1,2,A,13,11
2020-21,2020-11-30T17:30:00Z,Leicester,Fulham,1,2,A,0,2,A,16,10
2020-21,2020-11-30T20:00:00Z,West Ham,Aston Villa,2,1,H,1,1,D,6,16
2020-21,2020-12-05T12:30:00Z,Burnley,Everton,1,1,D,1,1,D,8,13
2020-21,2020-12-05T15:00:00Z,Man City,Fulham,2,0,H,2,0,H,16,6
2020-21,2020-12-05T17:30:00Z,West Ham,Man United,1,3,A,1,0,H,19,15
2020-21,2020-12-05T20:00:00Z,Chelsea,Leeds,3,1,H,1,1,D,23,8
2020-21,2020-12-06T12:00:00Z,West Brom,Crystal Palace,1,5,A,1,1,D,9,18
2020-21,2020-12-06T14:15:00Z,Sheffield United,Leicester,1,2,A,1,1,D,4,13
2020-21,2020-12-06T16:30:00Z,Tottenham,Arsenal,2,0,H,2,0,H,6,11
2020-21,2020-12-06T19:15:00Z,Liverpool,Wolves,4,0,H,1,0,H,11,9
2020-21,2020-12-07T20:00:00Z,Brighton,Southampton,1,2,A,1,1,D,12,10
2020-21,2020-12-11T20:00:00Z,Leeds,West Ham,1,2,A,1,1,D,13,19
2020-21,2020-12-12T12:30:00Z,Wolves,Aston Villa,0,1,A,0,0,D,16,13
2020-21,2020-12-12T15:00:00Z,Newcastle,West Brom,2,1,H,1,0,H,12,13
2020-21,2020-12-12T17:30:00Z,Man United,Man City,0,0,D,0,0,D,11,9
2020-21,2020-12-12T20:00:00Z,Everton,Chelsea,1,0,H,1,0,H,9,10
2020-21,2020-12-13T12:00:00Z,Southampton,Sheffield United,3,0,H,1,0,H,16,3
2020-21,2020-12-13T14:15:00Z,Crystal Palace,Tottenham,1,1,D,0,1,A,16,14
2020-21,2020-12-13T16:30:00Z,Fulham,Liverpool,1,1,D,1,0,H,10,12
2020-21,2020-12-13T19:15:00Z,Arsenal,Burnley,0,1,A,0,0,D,18,10
2020-21,2020-12-13T19:15:00Z,Leicester,Brighton,3,0,H,3,0,H,15,12
2020-21,2020-12-15T18:00:00Z,Wolves,Chelsea,2,1,H,0,0,D,12,13
2020-21,2020-12-15T20:00:00Z,Man City,West Brom,1,1,D,1,1,D,26,5
2020-21,2020-12-16T18:00:00Z,Arsenal,Southampton,1,1,D,0,1,A,9,13
2020-21,2020-12-16T18:00:00Z,Leeds,Newcastle,5,2,H,1,1,D,25,10
2020-21,2020-12-16T18:00:00Z,Leicester,Everton,0,2,A,0,1,A,14,11
2020-21,2020-12-16T20:00:00Z,Fulham,Brighton,0,0,D,0,0,D,9,9
2020-21,2020-12-16T20:00:00Z,Liverpool,Tottenham,2,1,H,1,1,D,17,8
2020-21,2020-12-16T20:00:00Z,West Ham,Crystal Palace,1,1,D,0,1,A,9,8
2020-21,2020-12-17T18:00:00Z,Aston Villa,Burnley,0,0,D,0,0,D,27,6
2020-21,2020-12-17T20:00:00Z,Sheffield United,Man United,2,3,A,1,2,A,12,14
2020-21,2020-12-19T12:30:00Z,Crystal Palace,Liverpool,0,7,A,0,3,A,5,14
2020-21,2020-12-19T15:00:00Z,Southampton,Man City,0,1,A,0,1,A,9,11
2020-21,2020-12-19T17:30:00Z,Everton,Arsenal,2,1,H,2,1,H,9,13
2020-21,2020-12-19T20:00:00Z,Newcastle,Fulham,1,1,D,0,1,A,12,11
2020-21,2020-12-20T12:00:00Z,Brighton,Sheffield United,1,1,D,0,0,D,21,5
2020-21,2020-12-20T14:15:00Z,Tottenham,Leicester,0,2,A,0,1,A,8,17
2020-21,2020-12-20T16:30:00Z,Man United,Leeds,6,2,H,4,1,H,26,17
2020-21,2020-12-20T19:15:00Z,West Brom,Aston Villa,0,3,A,0,1,A,1,19
2020-21,2020-12-21T17:30:00Z,Burnley,Wolves,2,1,H,1,0,H,10,15
2020-21,2020-12-21T20:00:00Z,Chelsea,West Ham,3,0,H,1,0,H,11,6
2020-21,2020-12-26T12:30:00Z,Leicester,Man United,2,2,D,1,1,D,10,9
2020-21,2020-12-26T15:00:00Z,Aston Villa,Crystal Palace,3,0,H,1,0,H,21,13
2020-21,2020-12-26T15:00:00Z,Fulham,Southampton,0,0,D,0,0,D,10,3
2020-21,2020-12-26T17:30:00Z,Arsenal,Chelsea,3,1,H,2,0,H,15,19
2020-21,2020-12-26T20:00:00Z,Man City,Newcastle,2,0,H,1,0,H,11,7
2020-21,2020-12-26T20:00:00Z,Sheffield United,Everton,0,1,A,0,0,D,10,7
2020-21,2020-12-27T12:00:00Z,Leeds,Burnley,1,0,H,1,0,H,11,14
2020-21,2020-12-27T14:15:00Z,West Ham,Brighton,2,2,D,0,1,A,11,13
2020-21,2020-12-27T16:30:00Z,Liverpool,West Brom,1,1,D,1,0,H,17,5
2020-21,2020-12-27T19:15:00Z,Wolves,Tottenham,1,1,D,0,1,A,11,6
2020-21,2020-12-28T15:00:00Z,Crystal Palace,Leicester,1,1,D,0,0,D,4,17
2020-21,2020-12-28T17:30:00Z,Chelsea,Aston Villa,1,1,D,1,0,H,16,10
2020-21,2020-12-29T18:00:00Z,Brighton,Arsenal,0,1,A,0,0,D,13,11
2020-21,2020-12-29T18:00:00Z,Burnley,Sheffield United,1,0,H,1,0,H,5,7
2020-21,2020-12-29T18:00:00Z,Southampton,West Ham,0,0,D,0,0,D,8,8
2020-21,2020-12-29T18:00:00Z,West Brom,Leeds,0,5,A,0,4,A,4,14
2020-21,2020-12-29T20:00:00Z,Man United,Wolves,1,0,H,0,0,D,11,9
2020-21,2020-12-30T20:00:00Z,Newcastle,Liverpool,0,0,D,0,0,D,8,11
2020-21,2021-01-01T17:30:00Z,Everton,West Ham,0,1,A,0,0,D,10,11
2020-21,2021-01-01T20:00:00Z,Man United,Aston Villa,2,1,H,1,0,H,19,5
2020-21,2021-01-02T12:30:00Z,Tottenham,Leeds,3,0,H,2,0,H,20,18
2020-21,2021-01-02T15:00:00Z,Crystal Palace,Sheffield United,2,0,H,2,0,H,9,7
2020-21,2021-01-02T17:30:00Z,Brighton,Wolves,3,3,D,1,3,A,13,11
2020-21,2021-01-02T20:00:00Z,West Brom,Arsenal,0,4,A,0,2,A,7,21
2020-21,2021-01-03T14:15:00Z,Newcastle,Leicester,1,2,A,0,0,D,8,9
2020-21,2021-01-03T16:30:00Z,Chelsea,Man City,1,3,A,0,3,A,9,18
2020-21,2021-01-04T20:00:00Z,Southampton,Liverpool,1,0,H,1,0,H,7,17
2020-21,2021-01-12T18:00:00Z,Sheffield United,Newcastle,1,0,H,0,0,D,17,7
2020-21,2021-01-12T20:15:00Z,Burnley,Man United,0,1,A,0,0,D,11,13
2020-21,2021-01-12T20:15:00Z,Wolves,Everton,1,2,A,1,1,D,12,5
2020-21,2021-01-13T18:00:00Z,Man City,Brighton,1,0,H,1,0,H,16,5
2020-21,2021-01-13T20:15:00Z,Tottenham,Fulham,1,1,D,1,0,H,15,15
2020-21,2021-01-14T20:00:00Z,Arsenal,Crystal Palace,0,0,D,0,0,D,11,12
2020-21,2021-01-16T12:30:00Z,Wolves,West Brom,2,3,A,2,1,H,23,12
2020-21,2021-01-16T15:00:00Z,Leeds,Brighton,0,1,A,0,1,A,7,7
2020-21,2021-01-16T15:00:00Z,West Ham,Burnley,1,0,H,1,0,H,15,10
2020-21,2021-01-16T17:30:00Z,Fulham,Chelsea,0,1,A,0,0,D,10,21
2020-21,2021-01-16T20:00:00Z,Leicester,Southampton,2,0,H,1,0,H,16,8
2020-21,2021-01-17T14:00:00Z,Sheffield United,Tottenham,1,3,A,0,2,A,15,14
2020-21,2021-01-17T16:30:00Z,Liverpool,Man United,0,0,D,0,0,D,17,8
2020-21,2021-01-17T19:15:00Z,Man City,Crystal Palace,4,0,H,1,0,H,13,2
2020-21,2021-01-18T20:00:00Z,Arsenal,Newcastle,3,0,H,0,0,D,20,4
2020-21,2021-01-19T18:00:00Z,West Ham,West Brom,2,1,H,1,0,H,14,6
2020-21,2021-01-19T20:15:00Z,Leicester,Chelsea,2,0,H,2,0,H,8,9
2020-21,2021-01-20T18:00:00Z,Man City,Aston Villa,2,0,H,0,0,D,28,11
2020-21,2021-01-20T20:15:00Z,Fulham,Man United,1,2,A,1,1,D,12,15
2020-21,2021-01-21T20:00:00Z,Liverpool,Burnley,0,1,A,0,0,D,27,6
2020-21,2021-01-23T20:00:00Z,Aston Villa,Newcastle,2,0,H,2,0,H,14,7
2020-21,2021-01-26T18:00:00Z,Crystal Palace,West Ham,2,3,A,1,2,A,6,17
2020-21,2021-01-26T18:00:00Z,Newcastle,Leeds,1,2,A,0,1,A,22,9
2020-21,2021-01-26T20:15:00Z,Southampton,Arsenal,1,3,A,1,2,A,13,9
2020-21,2021-01-26T20:15:00Z,West Brom,Man City,0,5,A,0,4,A,4,18
2020-21,2021-01-27T18:00:00Z,Burnley,Aston Villa,3,2,H,0,1,A,10,18
2020-21,2021-01-27T18:00:00Z,Chelsea,Wolves,0,0,D,0,0,D,14,4
2020-21,2021-01-27T19:30:00Z,Brighton,Fulham,0,0,D,0,0,D,16,10
2020-21,2021-01-27T20:15:00Z,Everton,Leicester,1,1,D,1,0,H,8,19
2020-21,2021-01-27T20:15:00Z,Man United,Sheffield United,1,2,A,0,1,A,16,5
2020-21,2021-01-28T20:00:00Z,Tottenham,Liverpool,1,3,A,0,1,A,3,14
2020-21,2021-01-30T12:30:00Z,Everton,Newcastle,0,2,A,0,0,D,11,13
2020-21,2021-01-30T15:00:00Z,Crystal Palace,Wolves,1,0,H,0,0,D,11,6
2020-21,2021-01-30T15:00:00Z,Man City,Sheffield United,1,0,H,1,0,H,10,4
2020-21,2021-01-30T15:00:00Z,West Brom,Fulham,2,2,D,0,1,A,5,12
2020-21,2021-01-30T17:30:00Z,Arsenal,Man United,0,0,D,0,0,D,17,14
2020-21,2021-01-30T20:00:00Z,Southampton,Aston Villa,0,1,A,0,1,A,20,8
2020-21,2021-01-31T12:00:00Z,Chelsea,Burnley,2,0,H,1,0,H,19,1
2020-21,2021-01-31T14:00:00Z,Leicester,Leeds,1,3,A,1,1,D,18,8
2020-21,2021-01-31T16:30:00Z,West Ham,Liverpool,1,3,A,0,0,D,8,14
2020-21,2021-01-31T19:15:00Z,Brighton,Tottenham,1,0,H,1,0,H,16,8
2020-21,2021-02-02T18:00:00Z,Sheffield United,West Brom,2,1,H,0,1,A,14,8
2020-21,2021-02-02T18:00:00Z,Wolves,Arsenal,2,1,H,1,1,D,11,9
2020-21,2021-02-02T20:15:00Z,Man United,Southampton,9,0,H,4,0,H,24,3
2020-21,2021-02-02T20:15:00Z,Newcastle,Crystal Palace,1,2,A,1,2,A,21,6
2020-21,2021-02-03T18:00:00Z,Burnley,Man City,0,2,A,0,2,A,2,17
2020-21,2021-02-03T18:00:00Z,Fulham,Leicester,0,2,A,0,2,A,8,9
2020-21,2021-02-03T19:30:00Z,Leeds,Everton,1,2,A,0,2,A,16,10
2020-21,2021-02-03T20:15:00Z,Aston Villa,West Ham,1,3,A,0,0,D,9,20
2020-21,2021-02-03T20:15:00Z,Liverpool,Brighton,0,1,A,0,0,D,11,13
2020-21,2021-02-04T20:00:00Z,Tottenham,Chelsea,0,1,A,0,1,A,7,18
2020-21,2021-02-06T12:30:00Z,Aston Villa,Arsenal,1,0,H,1,0,H,12,14
2020-21,2021-02-06T15:00:00Z,Burnley,Brighton,1,1,D,0,1,A,20,10
2020-21,2021-02-06T15:00:00Z,Newcastle,Southampton,3,2,H,3,1,H,6,14
2020-21,2021-02-06T17:30:00Z,Fulham,West Ham,0,0,D,0,0,D,20,8
2020-21,2021-02-06T20:00:00Z,Man United,Everton,3,3,D,2,0,H,14,6
2020-21,2021-02-07T12:00:00Z,Tottenham,West Brom,2,0,H,0,0,D,13,4
2020-21,2021-02-07T14:00:00Z,Wolves,Leicester,0,0,D,0,0,D,13,13
2020-21,2021-02-07T16:30:00Z,Liverpool,Man City,1,4,A,0,0,D,8,8
2020-21,2021-02-07T19:15:00Z,Sheffield United,Chelsea,1,2,A,0,1,A,8,9
2020-21,2021-02-08T20:00:00Z,Leeds,Crystal Palace,2,0,H,1,0,H,17,8
2020-21,2021-02-13T12:30:00Z,Leicester,Liverpool,3,1,H,0,0,D,11,15
2020-21,2021-02-13T15:00:00Z,Crystal Palace,Burnley,0,3,A,0,2,A,13,16
2020-21,2021-02-13T17:30:00Z,Man City,Tottenham,3,0,H,1,0,H,15,7
2020-21,2021-02-13T20:00:00Z,Brighton,Aston Villa,0,0,D,0,0,D,26,4
2020-21,2021-02-14T12:00:00Z,Southampton,Wolves,1,2,A,1,0,H,7,10
2020-21,2021-02-14T14:00:00Z,West Brom,Man United,1,1,D,1,1,D,7,10
2020-21,2021-02-14T16:30:00Z,Arsenal,Leeds,4,2,H,3,0,H,13,9
2020-21,2021-02-14T19:00:00Z,Everton,Fulham,0,2,A,0,0,D,7,12
2020-21,2021-02-15T18:00:00Z,West Ham,Sheffield United,3,0,H,1,0,H,13,8
2020-21,2021-02-15T20:00:00Z,Chelsea,Newcastle,2,0,H,2,0,H,18,10
2020-21,2021-02-17T18:00:00Z,Burnley,Fulham,1,1,D,0,0,D,8,8
2020-21,2021-02-17T20:15:00Z,Everton,Man City,1,3,A,1,1,D,3,16
2020-21,2021-02-19T20:00:00Z,Wolves,Leeds,1,0,H,0,0,D,15,18
2020-21,2021-02-20T12:30:00Z,Southampton,Chelsea,1,1,D,1,0,H,4,9
2020-21,2021-02-20T15:00:00Z,Burnley,West Brom,0,0,D,0,0,D,6,10
2020-21,2021-02-20T17:30:00Z,Liverpool,Everton,0,2,A,0,1,A,15,9
2020-21,2021-02-20T20:00:00Z,Fulham,Sheffield United,1,0,H,0,0,D,15,4
2020-21,2021-02-21T12:00:00Z,West Ham,Tottenham,2,1,H,1,0,H,4,20
2020-21,2021-02-21T14:05:00Z,Aston Villa,Leicester,1,2,A,0,2,A,11,16
2020-21,2021-02-21T16:30:00Z,Arsenal,Man City,0,1,A,0,1,A,7,15
2020-21,2021-02-21T19:00:00Z,Man United,Newcastle,3,1,H,1,1,D,15,10
2020-21,2021-02-22T20:00:00Z,Brighton,Crystal Palace,1,2,A,0,1,A,25,3
2020-21,2021-02-23T18:00:00Z,Leeds,Southampton,3,0,H,0,0,D,11,13
2020-21,2021-02-27T12:30:00Z,Man City,West Ham,2,1,H,1,1,D,10,9
2020-21,2021-02-27T15:00:00Z,West Brom,Brighton,1,0,H,1,0,H,6,15
2020-21,2021-02-27T17:30:00Z,Leeds,Aston Villa,0,1,A,0,1,A,13,9
2020-21,2021-02-27T20:00:00Z,Newcastle,Wolves,1,1,D,0,0,D,19,14
2020-21,2021-02-28T12:00:00Z,Crystal Palace,Fulham,0,0,D,0,0,D,3,16
2020-21,2021-02-28T12:00:00Z,Leicester,Arsenal,1,3,A,1,2,A,8,12
2020-21,2021-02-28T14:00:00Z,Tottenham,Burnley,4,0,H,3,0,H,16,10
2020-21,2021-02-28T16:30:00Z,Chelsea,Man United,0,0,D,0,0,D,18,11
2020-21,2021-02-28T19:15:00Z,Sheffield United,Liverpool,0,2,A,0,0,D,8,16
2020-21,2021-03-01T20:00:00Z,Everton,Southampton,1,0,H,1,0,H,7,9
2020-21,2021-03-02T20:00:00Z,Man City,Wolves,4,1,H,1,0,H,22,6
2020-21,2021-03-03T18:00:00Z,Burnley,Leicester,1,1,D,1,1,D,12,15
2020-21,2021-03-03T18:00:00Z,Sheffield United,Aston Villa,1,0,H,1,0,H,9,16
2020-21,2021-03-03T20:15:00Z,Crystal Palace,Man United,0,0,D,0,0,D,8,11
2020-21,2021-03-04T18:00:00Z,Fulham,Tottenham,0,1,A,0,1,A,11,9
2020-21,2021-03-04T18:00:00Z,West Brom,Everton,0,1,A,0,0,D,11,11
2020-21,2021-03-04T20:15:00Z,Liverpool,Chelsea,0,1,A,0,1,A,7,11
2020-21,2021-03-06T12:30:00Z,Burnley,Arsenal,1,1,D,1,1,D,9,15
2020-21,2021-03-06T15:00:00Z,Sheffield United,Southampton,0,2,A,0,1,A,8,15
2020-21,2021-03-06T17:30:00Z,Aston Villa,Wolves,0,0,D,0,0,D,9,10
2020-21,2021-03-06T20:00:00Z,Brighton,Leicester,1,2,A,1,0,H,7,8
2020-21,2021-03-07T12:00:00Z,West Brom,Newcastle,0,0,D,0,0,D,13,9
2020-21,2021-03-07T14:00:00Z,Liverpool,Fulham,0,1,A,0,1,A,16,10
2020-21,2021-03-07T16:30:00Z,Man City,Man United,0,2,A,0,1,A,23,8
2020-21,2021-03-07T19:15:00Z,Tottenham,Crystal Palace,4,1,H,1,1,D,12,5
2020-21,2021-03-08T18:00:00Z,Chelsea,Everton,2,0,H,1,0,H,19,7
2020-21,2021-03-08T20:00:00Z,West Ham,Leeds,2,0,H,2,0,H,16,17
2020-21,2021-03-10T18:00:00Z,Man City,Southampton,5,2,H,3,1,H,17,11
2020-21,2021-03-12T20:00:00Z,Newcastle,Aston Villa,1,1,D,0,0,D,12,15
2020-21,2021-03-13T12:30:00Z,Leeds,Chelsea,0,0,D,0,0,D,7,15
2020-21,2021-03-13T15:00:00Z,Crystal Palace,West Brom,1,0,H,1,0,H,6,12
2020-21,2021-03-13T17:30:00Z,Everton,Burnley,1,2,A,1,2,A,14,14
2020-21,2021-03-13T20:00:00Z,Fulham,Man City,0,3,A,0,0,D,3,8
2020-21,2021-03-14T12:00:00Z,Southampton,Brighton,1,2,A,1,1,D,9,8
2020-21,2021-03-14T14:00:00Z,Leicester,Sheffield United,5,0,H,1,0,H,19,1
2020-21,2021-03-14T16:30:00Z,Arsenal,Tottenham,2,1,H,1,1,D,13,6
2020-21,2021-03-14T19:15:00Z,Man United,West Ham,1,0,H,0,0,D,15,7
2020-21,2021-03-15T20:00:00Z,Wolves,Liverpool,0,1,A,0,1,A,10,12
2020-21,2021-03-19T20:00:00Z,Fulham,Leeds,1,2,A,1,1,D,13,13
2020-21,2021-03-20T20:00:00Z,Brighton,Newcastle,3,0,H,1,0,H,11,3
2020-21,2021-03-21T15:00:00Z,West Ham,Arsenal,3,3,D,3,1,H,15,16
2020-21,2021-03-21T19:30:00Z,Aston Villa,Tottenham,0,2,A,0,1,A,8,9
2020-21,2021-04-03T12:30:00Z,Chelsea,West Brom,2,5,A,1,2,A,18,14
2020-21,2021-04-03T15:00:00Z,Leeds,Sheffield United,2,1,H,1,1,D,23,9
2020-21,2021-04-03T17:30:00Z,Leicester,Man City,0,2,A,0,0,D,5,11
2020-21,2021-04-03T20:00:00Z,Arsenal,Liverpool,0,3,A,0,0,D,3,16
2020-21,2021-04-04T12:00:00Z,Southampton,Burnley,3,2,H,2,2,D,24,7
2020-21,2021-04-04T14:05:00Z,Newcastle,Tottenham,2,2,D,1,2,A,22,11
2020-21,2021-04-04T16:30:00Z,Aston Villa,Fulham,3,1,H,0,0,D,14,15
2020-21,2021-04-04T19:30:00Z,Man United,Brighton,2,1,H,0,1,A,15,5
2020-21,2021-04-05T18:00:00Z,Everton,Crystal Palace,1,1,D,0,0,D,15,13
2020-21,2021-04-05T20:15:00Z,Wolves,West Ham,2,3,A,1,3,A,20,9
2020-21,2021-04-09T20:00:00Z,Fulham,Wolves,0,1,A,0,0,D,14,7
2020-21,2021-04-10T12:30:00Z,Man City,Leeds,1,2,A,0,1,A,29,2
2020-21,2021-04-10T15:00:00Z,Liverpool,Aston Villa,2,1,H,0,1,A,23,9
2020-21,2021-04-10T17:30:00Z,Crystal Palace,Chelsea,1,4,A,0,3,A,1,23
2020-21,2021-04-11T12:00:00Z,Burnley,Newcastle,1,2,A,1,0,H,24,10
2020-21,2021-04-11T14:05:00Z,West Ham,Leicester,3,2,H,2,0,H,4,15
2020-21,2021-04-11T16:30:00Z,Tottenham,Man United,1,3,A,1,0,H,12,12
2020-21,2021-04-11T19:00:00Z,Sheffield United,Arsenal,0,3,A,0,1,A,7,14
2020-21,2021-04-12T18:00:00Z,West Brom,Southampton,3,0,H,2,0,H,15,14
2020-21,2021-04-12T20:15:00Z,Brighton,Everton,0,0,D,0,0,D,23,8
2020-21,2021-04-16T20:00:00Z,Everton,Tottenham,2,2,D,1,1,D,18,12
2020-21,2021-04-17T12:30:00Z,Newcastle,West Ham,3,2,H,2,0,H,16,16
2020-21,2021-04-17T20:15:00Z,Wolves,Sheffield United,1,0,H,0,0,D,10,8
2020-21,2021-04-18T13:30:00Z,Arsenal,Fulham,1,1,D,0,0,D,18,3
2020-21,2021-04-18T16:00:00Z,Man United,Burnley,3,1,H,0,0,D,17,10
2020-21,2021-04-19T20:00:00Z,Leeds,Liverpool,1,1,D,0,1,A,12,17
2020-21,2021-04-20T20:00:00Z,Chelsea,Brighton,0,0,D,0,0,D,7,11
2020-21,2021-04-21T18:00:00Z,Tottenham,Southampton,2,1,H,0,1,A,12,10
2020-21,2021-04-21T20:15:00Z,Aston Villa,Man City,1,2,A,1,2,A,8,13
2020-21,2021-04-22T20:00:00Z,Leicester,West Brom,3,0,H,3,0,H,17,4
2020-21,2021-04-23T20:00:00Z,Arsenal,Everton,0,1,A,0,0,D,14,8
2020-21,2021-04-24T12:30:00Z,Liverpool,Newcastle,1,1,D,1,0,H,22,7
2020-21,2021-04-24T17:30:00Z,West Ham,Chelsea,0,1,A,0,1,A,9,17
2020-21,2021-04-24T20:00:00Z,Sheffield United,Brighton,1,0,H,1,0,H,7,17
2020-21,2021-04-25T12:00:00Z,Wolves,Burnley,0,4,A,0,3,A,12,14
2020-21,2021-04-25T14:00:00Z,Leeds,Man United,0,0,D,0,0,D,6,16
2020-21,2021-04-25T19:00:00Z,Aston Villa,West Brom,2,2,D,1,1,D,24,10
2020-21,2021-04-26T20:00:00Z,Leicester,Crystal Palace,2,1,H,0,1,A,13,4
2020-21,2021-04-30T20:00:00Z,Southampton,Leicester,1,1,D,0,0,D,5,23
2020-21,2021-05-01T12:30:00Z,Crystal Palace,Man City,0,2,A,0,0,D,9,20
2020-21,2021-05-01T15:00:00Z,Brighton,Leeds,2,0,H,1,0,H,17,11
2020-21,2021-05-01T17:30:00Z,Chelsea,Fulham,2,0,H,1,0,H,9,10
2020-21,2021-05-01T20:00:00Z,Everton,Aston Villa,1,2,A,1,1,D,16,13
2020-21,2021-05-02T14:00:00Z,Newcastle,Arsenal,0,2,A,0,1,A,5,19
2020-21,2021-05-02T19:15:00Z,Tottenham,Sheffield United,4,0,H,1,0,H,20,8
2020-21,2021-05-03T18:00:00Z,West Brom,Wolves,1,1,D,0,1,A,10,20
2020-21,2021-05-03T20:15:00Z,Burnley,West Ham,1,2,A,1,2,A,8,22
2020-21,2021-05-07T20:00:00Z,Leicester,Newcastle,2,4,A,0,2,A,25,14
2020-21,2021-05-08T12:30:00Z,Leeds,Tottenham,3,1,H,2,1,H,16,11
2020-21,2021-05-08T15:00:00Z,Sheffield United,Crystal Palace,0,2,A,0,1,A,7,21
2020-21,2021-05-08T17:30:00Z,Man City,Chelsea,1,2,A,1,0,H,16,12
2020-21,2021-05-08T20:15:00Z,Liverpool,Southampton,2,0,H,1,0,H,14,12
2020-21,2021-05-09T12:00:00Z,Wolves,Brighton,2,1,H,0,1,A,16,5
2020-21,2021-05-09T14:05:00Z,Aston Villa,Man United,1,3,A,1,0,H,11,18
2020-21,2021-05-09T16:30:00Z,West Ham,Everton,0,1,A,0,1,A,11,9
2020-21,2021-05-09T19:00:00Z,Arsenal,West Brom,3,1,H,2,0,H,15,12
2020-21,2021-05-10T20:00:00Z,Fulham,Burnley,0,2,A,0,2,A,21,14
2020-21,2021-05-11T18:00:00Z,Man United,Leicester,1,2,A,1,1,D,4,12
2020-21,2021-05-11T20:15:00Z,Southampton,Crystal Palace,3,1,H,1,1,D,13,11
2020-21,2021-05-12T20:15:00Z,Chelsea,Arsenal,0,1,A,0,1,A,19,5
2020-21,2021-05-13T18:00:00Z,Aston Villa,Everton,0,0,D,0,0,D,13,15
2020-21,2021-05-13T20:15:00Z,Man United,Liverpool,2,4,A,1,2,A,18,17
2020-21,2021-05-14T20:00:00Z,Newcastle,Man City,3,4,A,2,2,D,11,15
2020-21,2021-05-15T12:30:00Z,Burnley,Leeds,0,4,A,0,1,A,16,16
2020-21,2021-05-15T15:00:00Z,Southampton,Fulham,3,1,H,1,0,H,11,10
2020-21,2021-05-15T20:00:00Z,Brighton,West Ham,1,1,D,0,0,D,10,15
2020-21,2021-05-16T12:00:00Z,Crystal Palace,Aston Villa,3,2,H,1,2,A,23,19
2020-21,2021-05-16T14:05:00Z,Tottenham,Wolves,2,0,H,1,0,H,24,15
2020-21,2021-05-16T16:30:00Z,West Brom,Liverpool,1,2,A,1,1,D,10,26
2020-21,2021-05-16T19:00:00Z,Everton,Sheffield United,0,1,A,0,1,A,16,10
2020-21,2021-05-18T18:00:00Z,Man United,Fulham,1,1,D,1,0,H,13,8
2020-21,2021-05-18T18:00:00Z,Southampton,Leeds,0,2,A,0,0,D,18,15
2020-21,2021-05-18T19:00:00Z,Brighton,Man City,3,2,H,0,1,A,19,8
2020-21,2021-05-18T20:15:00Z,Chelsea,Leicester,2,1,H,0,0,D,17,7
2020-21,2021-05-19T18:00:00Z,Everton,Wolves,1,0,H,0,0,D,14,9
2020-21,2021-05-19T18:00:00Z,Newcastle,Sheffield United,1,0,H,1,0,H,16,11
2020-21,2021-05-19T18:00:00Z,Tottenham,Aston Villa,1,2,A,1,2,A,10,20
2020-21,2021-05-19T19:00:00Z,Crystal Palace,Arsenal,1,3,A,0,1,A,12,6
2020-21,2021-05-19T20:15:00Z,Burnley,Liverpool,0,3,A,0,1,A,10,20
2020-21,2021-05-19T20:15:00Z,West Brom,West Ham,1,3,A,1,1,D,14,21
2020-21,2021-05-23T16:00:00Z,Arsenal,Brighton,2,0,H,0,0,D,16,5
2020-21,2021-05-23T16:00:00Z,Aston Villa,Chelsea,2,1,H,1,0,H,6,23
2020-21,2021-05-23T16:00:00Z,Fulham,Newcastle,0,2,A,0,1,A,14,10
2020-21,2021-05-23T16:00:00Z,Leeds,West Brom,3,1,H,2,0,H,17,14
2020-21,2021-05-23T16:00:00Z,Leicester,Tottenham,2,4,A,1,1,D,10,11
2020-21,2021-05-23T16:00:00Z,Liverpool,Crystal Palace,2,0,H,1,0,H,19,5
2020-21,2021-05-23T16:00:00Z,Man City,Everton,5,0,H,2,0,H,21,8
2020-21,2021-05-23T16:00:00Z,Sheffield United,Burnley,1,0,H,1,0,H,12,10
2020-21,2021-05-23T16:00:00Z,West Ham,Southampton,3,0,H,2,0,H,14,17
2020-21,2021-05-23T16:00:00Z,Wolves,Man United,1,2,A,1,2,A,14,9